item_id,title,url,repo,number,onda,epic,okr,sprint,reach,impact,confidence,cod,sp,rice,wsjf,release_blocker
PVTI_lADOEDZbAM4BTJdjzgombYE,Implementar sistema de pedido de tempo extra,https://github.com/guardiaofamilia/guardiao-familia-site/issues/15,guardiao-familia-site,15,Onda 0 - Fundacao,E5,O3-KR1,S7,600,3,0.8,24,5,288.0,4.8,sim
PVTI_lADOEDZbAM4BTJdjzgombYI,Criar app mobile crianca - Home + SOS,https://github.com/guardiaofamilia/guardiao-familia-site/issues/19,guardiao-familia-site,19,Onda 0 - Fundacao,E4,O1-KR1,S4,600,3,0.8,39,8,180.0,4.88,sim
PVTI_lADOEDZbAM4BTJdjzgombYM,Criar app mobile crianca - Mapa + Familia,https://github.com/guardiaofamilia/guardiao-familia-site/issues/20,guardiao-familia-site,20,Onda 0 - Fundacao,E7,O3-KR3,S10,600,3,0.8,34,5,288.0,6.8,sim
PVTI_lADOEDZbAM4BTJdjzgombYU,Criar app mobile crianca - Tempo de Tela + Conquistas,https://github.com/guardiaofamilia/guardiao-familia-site/issues/21,guardiao-familia-site,21,Onda 0 - Fundacao,E5,O3-KR1,S7,600,3,0.8,24,5,288.0,4.8,sim
PVTI_lADOEDZbAM4BTJdjzgombYY,Criar app mobile pais - Chat IA + Relatorios,https://github.com/guardiaofamilia/guardiao-familia-site/issues/25,guardiao-familia-site,25,Onda 0 - Fundacao,E7,O3-KR3,S10,600,3,0.8,34,5,288.0,6.8,sim
PVTI_lADOEDZbAM4BTJdjzgombYc,Criar backoffice - Dashboard + Gestao de Usuarios,https://github.com/guardiaofamilia/guardiao-familia-site/issues/26,guardiao-familia-site,26,Onda 0 - Fundacao,E7,O3-KR3,S10,600,3,0.8,34,5,288.0,6.8,sim
PVTI_lADOEDZbAM4BTJdjzgombYg,Criar backoffice - Moderacao + Financeiro,https://github.com/guardiaofamilia/guardiao-familia-site/issues/27,guardiao-familia-site,27,Onda 0 - Fundacao,E7,O3-KR3,S10,600,3,0.8,34,5,288.0,6.8,sim
PVTI_lADOEDZbAM4BTJdjzgombYk,Criar backoffice - Analytics + Configuracoes,https://github.com/guardiaofamilia/guardiao-familia-site/issues/28,guardiao-familia-site,28,Onda 0 - Fundacao,E7,O3-KR3,S10,600,3,0.8,34,5,288.0,6.8,sim
PVTI_lADOEDZbAM4BTJdjzgombYo,Implementar framework LGPD e compliance,https://github.com/guardiaofamilia/guardiao-familia-site/issues/29,guardiao-familia-site,29,Onda 0 - Fundacao,E9,O2-KR1,S8,600,3,0.8,34,8,180.0,4.25,sim
PVTI_lADOEDZbAM4BTJdjzgombYw,Integrar gateway de pagamento (Stripe + Asaas),https://github.com/guardiaofamilia/guardiao-familia-site/issues/30,guardiao-familia-site,30,Onda 0 - Fundacao,E8,post-release,post-release,600,3,0.8,12,8,180.0,1.5,nao
PVTI_lADOEDZbAM4BTJdjzgombY0,Integrar SMS/WhatsApp para escalonamento (Twilio/Infobip),https://github.com/guardiaofamilia/guardiao-familia-site/issues/32,guardiao-familia-site,32,Onda 0 - Fundacao,E1,O2-KR2,S1,600,3,0.8,34,5,288.0,6.8,sim
PVTI_lADOEDZbAM4BTJdjzgombY4,chore(deps): Bump actions/checkout from 4 to 6,https://github.com/guardiaofamilia/guardiao-familia-site/pull/34,guardiao-familia-site,34,Onda 0 - Fundacao,E1,O2-KR2,S1,600,3,0.8,8,1,1440.0,8.0,sim
PVTI_lADOEDZbAM4BTJdjzgomcPU,Configurar projeto AWS - VPC simplificada (DEV),https://github.com/guardiaofamilia/guardiao-familia-site/issues/1,guardiao-familia-site,1,Onda 0 - Fundacao,E1,O2-KR2,S1,600,3,0.8,34,8,180.0,4.25,sim
PVTI_lADOEDZbAM4BTJdjzgomcPo,Configurar EC2 t3.micro para backend (DEV - Free Tier),https://github.com/guardiaofamilia/guardiao-familia-site/issues/2,guardiao-familia-site,2,Onda 0 - Fundacao,E1,O2-KR2,S1,600,3,0.8,34,5,288.0,6.8,sim
PVTI_lADOEDZbAM4BTJdjzgomcQI,Configurar RDS PostgreSQL Multi-AZ,https://github.com/guardiaofamilia/guardiao-familia-site/issues/3,guardiao-familia-site,3,Onda 0 - Fundacao,E1,O2-KR2,S1,600,3,0.8,34,8,180.0,4.25,sim
PVTI_lADOEDZbAM4BTJdjzgomcQM,Configurar Redis (ElastiCache) para cache e sessoes,https://github.com/guardiaofamilia/guardiao-familia-site/issues/4,guardiao-familia-site,4,Onda 0 - Fundacao,E1,O2-KR2,S1,600,3,0.8,34,8,180.0,4.25,sim
PVTI_lADOEDZbAM4BTJdjzgomcQU,Criar modelagem de banco de dados (20 tabelas),https://github.com/guardiaofamilia/guardiao-familia-site/issues/5,guardiao-familia-site,5,Onda 0 - Fundacao,E7,O3-KR3,S10,600,3,0.8,34,5,288.0,6.8,sim
PVTI_lADOEDZbAM4BTJdjzgomcQc,Implementar servico de autenticacao (Auth Service),https://github.com/guardiaofamilia/guardiao-familia-site/issues/6,guardiao-familia-site,6,Onda 0 - Fundacao,E1,O2-KR2,S1,600,3,0.8,34,5,288.0,6.8,sim
PVTI_lADOEDZbAM4BTJdjzgomcQ0,Implementar CRUD de usuarios e perfis,https://github.com/guardiaofamilia/guardiao-familia-site/issues/7,guardiao-familia-site,7,Onda 0 - Fundacao,E1,O2-KR2,S1,600,3,0.8,34,5,288.0,6.8,sim
PVTI_lADOEDZbAM4BTJdjzgomcRI,Implementar gestao de grupos familiares,https://github.com/guardiaofamilia/guardiao-familia-site/issues/8,guardiao-familia-site,8,Onda 0 - Fundacao,E7,O3-KR3,S10,600,3,0.8,34,5,288.0,6.8,sim
PVTI_lADOEDZbAM4BTJdjzgomcRc,Configurar CI/CD com GitHub Actions (DEV - Deploy via SSH),https://github.com/guardiaofamilia/guardiao-familia-site/issues/9,guardiao-familia-site,9,Onda 0 - Fundacao,E1,O2-KR2,S1,600,3,0.8,34,8,180.0,4.25,sim
PVTI_lADOEDZbAM4BTJdjzgomcSQ,Implementar servico de localizacao (Location Service),https://github.com/guardiaofamilia/guardiao-familia-site/issues/10,guardiao-familia-site,10,Onda 0 - Fundacao,E3,O1-KR2,S6,600,3,0.8,34,5,288.0,6.8,sim
PVTI_lADOEDZbAM4BTJdjzgomcTA,Implementar geofencing (cercas virtuais),https://github.com/guardiaofamilia/guardiao-familia-site/issues/11,guardiao-familia-site,11,Onda 0 - Fundacao,E3,O1-KR2,S6,600,3,0.8,34,5,288.0,6.8,sim
PVTI_lADOEDZbAM4BTJdjzgomcTc,Implementar botao SOS e sistema de alertas,https://github.com/guardiaofamilia/guardiao-familia-site/issues/12,guardiao-familia-site,12,Onda 0 - Fundacao,E4,O1-KR1,S4,600,3,0.8,39,8,180.0,4.88,sim
PVTI_lADOEDZbAM4BTJdjzgomcT4,Integrar servico de push notification (FCM + APNs),https://github.com/guardiaofamilia/guardiao-familia-site/issues/13,guardiao-familia-site,13,Onda 0 - Fundacao,E4,O1-KR3,S3,600,3,0.8,39,5,288.0,7.8,sim
PVTI_lADOEDZbAM4BTJdjzgomcUM,Implementar controle de tempo de tela (Screen Time Service),https://github.com/guardiaofamilia/guardiao-familia-site/issues/14,guardiao-familia-site,14,Onda 0 - Fundacao,E5,O3-KR1,S7,600,3,0.8,24,5,288.0,4.8,sim
PVTI_lADOEDZbAM4BTJdjzgomcUU,Implementar assistente IA para pais (AI Service),https://github.com/guardiaofamilia/guardiao-familia-site/issues/16,guardiao-familia-site,16,Onda 0 - Fundacao,E7,O3-KR3,S10,600,3,0.8,34,5,288.0,6.8,sim
PVTI_lADOEDZbAM4BTJdjzgomcUo,Implementar sistema de gamificacao e conquistas,https://github.com/guardiaofamilia/guardiao-familia-site/issues/17,guardiao-familia-site,17,Onda 0 - Fundacao,E6,O3-KR2,S9,600,3,0.8,34,3,480.0,11.33,sim
PVTI_lADOEDZbAM4BTJdjzgomcU0,Criar app mobile crianca - Splash + Login + Pareamento,https://github.com/guardiaofamilia/guardiao-familia-site/issues/18,guardiao-familia-site,18,Onda 0 - Fundacao,E7,O3-KR3,S10,600,3,0.8,34,5,288.0,6.8,sim
PVTI_lADOEDZbAM4BTJdjzgomcVA,Criar app mobile pais - Onboarding + Dashboard,https://github.com/guardiaofamilia/guardiao-familia-site/issues/22,guardiao-familia-site,22,Onda 0 - Fundacao,E7,O3-KR3,S10,600,3,0.8,34,5,288.0,6.8,sim
PVTI_lADOEDZbAM4BTJdjzgomcVg,Criar app mobile pais - Mapa + Geofences,https://github.com/guardiaofamilia/guardiao-familia-site/issues/23,guardiao-familia-site,23,Onda 0 - Fundacao,E3,O1-KR2,S6,600,3,0.8,34,5,288.0,6.8,sim
PVTI_lADOEDZbAM4BTJdjzgomcVs,Criar app mobile pais - Controle de Tela + Alertas,https://github.com/guardiaofamilia/guardiao-familia-site/issues/24,guardiao-familia-site,24,Onda 0 - Fundacao,E4,O1-KR1,S4,600,3,0.8,39,8,180.0,4.88,sim
PVTI_lADOEDZbAM4BTJdjzgomcV8,Integrar servicos de mapa (Mapbox/Google Maps),https://github.com/guardiaofamilia/guardiao-familia-site/issues/31,guardiao-familia-site,31,Onda 0 - Fundacao,E1,O2-KR2,S1,600,3,0.8,34,5,288.0,6.8,sim
PVTI_lADOEDZbAM4BTJdjzgomcWU,Configurar monitoramento e observabilidade,https://github.com/guardiaofamilia/guardiao-familia-site/issues/33,guardiao-familia-site,33,Onda 0 - Fundacao,E1,O2-KR2,S1,600,3,0.8,34,5,288.0,6.8,sim
PVTI_lADOEDZbAM4BTJdjzgomcZk,"chore(repo): higiene local, CI/deploy, Dependabot e doc da org",https://github.com/guardiaofamilia/guardiao-familia-api/pull/4,guardiao-familia-api,4,Onda 0 - Fundacao,E1,O2-KR2,S1,600,3,0.8,8,1,1440.0,8.0,sim
PVTI_lADOEDZbAM4BTJdjzgomyWU,[#19] App crianca: validar fluxo SOS + voz + S3 (E2E dispositivo),https://github.com/guardiaofamilia/guardiao-familia-site/issues/35,guardiao-familia-site,35,Onda 0 - Fundacao,E4,O1-KR1,S4,600,3,0.8,39,8,180.0,4.88,sim
PVTI_lADOEDZbAM4BTJdjzgomyWg,[#19] App crianca: registar token push (FCM) na API,https://github.com/guardiaofamilia/guardiao-familia-site/issues/36,guardiao-familia-site,36,Onda 0 - Fundacao,E4,O1-KR3,S3,600,3,0.8,39,5,288.0,7.8,sim
PVTI_lADOEDZbAM4BTJdjzgomyWo,[#19] SOS: validar notificacao push aos responsaveis (API + Firebase + app pais),https://github.com/guardiaofamilia/guardiao-familia-site/issues/37,guardiao-familia-site,37,Onda 0 - Fundacao,E4,O1-KR3,S3,600,3,0.8,39,5,288.0,7.8,sim
PVTI_lADOEDZbAM4BTJdjzgomyW0,[#19] App crianca: UX do SOS (animacao de hold + feedback visual de confirmacao),https://github.com/guardiaofamilia/guardiao-familia-site/issues/38,guardiao-familia-site,38,Onda 0 - Fundacao,E4,O1-KR1,S4,600,3,0.8,39,8,180.0,4.88,sim
PVTI_lADOEDZbAM4BTJdjzgonJp0,[#20] App crianca: marcadores de familiares no mapa,https://github.com/guardiaofamilia/guardiao-familia-site/issues/41,guardiao-familia-site,41,Onda 0 - Fundacao,E7,O3-KR3,S10,600,3,0.8,34,5,288.0,6.8,sim
PVTI_lADOEDZbAM4BTJdjzgoqsV4,[C1] Implementar tela Splash/Login com pareamento (codigo 6 digitos + QR),https://github.com/guardiaofamilia/guardiao-familia-child/issues/7,guardiao-familia-child,7,Onda 1 - Auth/Pairing,E2,O3-KR1,S2,300,2,0.8,20,5,96.0,4.0,nao
PVTI_lADOEDZbAM4BTJdjzgoqsX4,"[C2] Redesenhar Home com avatar, card familia, conquistas, screen time",https://github.com/guardiaofamilia/guardiao-familia-child/issues/8,guardiao-familia-child,8,Onda 8 - Familia/Comunidade,E5,O3-KR1,S7,180,1,0.5,24,5,18.0,4.8,nao
PVTI_lADOEDZbAM4BTJdjzgoqsZ4,[C3] Bug: SOS nao envia coordenadas GPS ao servidor,https://github.com/guardiaofamilia/guardiao-familia-child/issues/9,guardiao-familia-child,9,Onda 3 - GPS/Geofences,E4,O1-KR1,S4,420,3,0.8,39,8,126.0,4.88,sim
PVTI_lADOEDZbAM4BTJdjzgoqsb4,[C4] Implementar tela Minha Familia - mapa simplificado + pings + chat,https://github.com/guardiaofamilia/guardiao-familia-child/issues/10,guardiao-familia-child,10,Onda 8 - Familia/Comunidade,E7,O3-KR3,S10,180,1,0.5,12,5,18.0,2.4,nao
PVTI_lADOEDZbAM4BTJdjzgoqsec,[C5] Redesenhar Screen Time como Tanque de Energia gamificado,https://github.com/guardiaofamilia/guardiao-familia-child/issues/11,guardiao-familia-child,11,Onda 5 - Screen Time,E5,O3-KR1,S7,300,2,0.8,24,5,96.0,4.8,nao
PVTI_lADOEDZbAM4BTJdjzgoqsgc,"[C6] Expandir Conquistas com badges, animacoes e missoes dos pais",https://github.com/guardiaofamilia/guardiao-familia-child/issues/12,guardiao-familia-child,12,Onda 6 - Gamificacao,E6,O3-KR2,S9,260,1,0.8,18,3,69.33,6.0,nao
PVTI_lADOEDZbAM4BTJdjzgoqskQ,"[C7] Implementar tela Configuracoes - avatar editor, temas, educativo",https://github.com/guardiaofamilia/guardiao-familia-child/issues/13,guardiao-familia-child,13,Onda 8 - Familia/Comunidade,E2,O3-KR1,S10,180,1,0.5,12,5,18.0,2.4,nao
PVTI_lADOEDZbAM4BTJdjzgoqsl8,Integrar expo-secure-store para persistencia segura do JWT,https://github.com/guardiaofamilia/guardiao-familia-child/issues/14,guardiao-familia-child,14,Onda 1 - Auth/Pairing,E1,O2-KR3,S11,300,2,0.8,34,8,60.0,4.25,sim
PVTI_lADOEDZbAM4BTJdjzgoqsnY,Implementar background location tracking (GPS em segundo plano),https://github.com/guardiaofamilia/guardiao-familia-child/issues/15,guardiao-familia-child,15,Onda 3 - GPS/Geofences,E3,O1-KR2,S6,420,2,0.8,31,5,134.4,6.2,sim
PVTI_lADOEDZbAM4BTJdjzgoqspI,Implementar deteccao client-side de entrada/saida em geofences,https://github.com/guardiaofamilia/guardiao-familia-child/issues/16,guardiao-familia-child,16,Onda 3 - GPS/Geofences,E3,O1-KR2,S6,420,2,0.8,31,5,134.4,6.2,sim
PVTI_lADOEDZbAM4BTJdjzgoqsq0,Implementar protecao anti-desinstalacao (Device Admin API),https://github.com/guardiaofamilia/guardiao-familia-child/issues/17,guardiao-familia-child,17,Onda 4 - SOS/Emergencia,E4,O1-KR1,S4,500,3,0.8,39,5,240.0,7.8,sim
PVTI_lADOEDZbAM4BTJdjzgoqss0,Configurar fonte Nunito conforme prototipo,https://github.com/guardiaofamilia/guardiao-familia-child/issues/18,guardiao-familia-child,18,Onda 0 - Fundacao,E1,O2-KR2,S1,600,3,0.8,34,5,288.0,6.8,sim
PVTI_lADOEDZbAM4BTJdjzgoqstk,Adotar expo-router para navegacao com deep linking,https://github.com/guardiaofamilia/guardiao-familia-child/issues/19,guardiao-familia-child,19,Onda 0 - Fundacao,E1,O2-KR2,S1,600,3,0.8,34,5,288.0,6.8,sim
PVTI_lADOEDZbAM4BTJdjzgoqsvM,Criar biblioteca de componentes reutilizaveis,https://github.com/guardiaofamilia/guardiao-familia-child/issues/20,guardiao-familia-child,20,Onda 0 - Fundacao,E7,O3-KR3,S10,600,3,0.8,34,5,288.0,6.8,sim
PVTI_lADOEDZbAM4BTJdjzgoqswM,Remover 78+ pacotes Expo nao utilizados do package.json,https://github.com/guardiaofamilia/guardiao-familia-child/issues/21,guardiao-familia-child,21,Onda 0 - Fundacao,E1,O2-KR2,S1,600,3,0.8,34,5,288.0,6.8,sim
PVTI_lADOEDZbAM4BTJdjzgoqsyM,Adicionar Error Boundary global e deteccao offline,https://github.com/guardiaofamilia/guardiao-familia-child/issues/22,guardiao-familia-child,22,Onda 10 - Polish/Release,E1,O2-KR3,S11,500,2,0.8,34,5,160.0,6.8,sim
PVTI_lADOEDZbAM4BTJdjzgoqszc,Implementar modo offline com cache de dados,https://github.com/guardiaofamilia/guardiao-familia-child/issues/23,guardiao-familia-child,23,Onda 10 - Polish/Release,E1,O2-KR3,S11,500,2,0.8,34,5,160.0,6.8,sim
PVTI_lADOEDZbAM4BTJdjzgoqs1M,Integrar WebSocket (Socket.IO) para dados em tempo real,https://github.com/guardiaofamilia/guardiao-familia-child/issues/24,guardiao-familia-child,24,Onda 2 - Real-time,E3,O1-KR2,S6,420,2,0.8,31,5,134.4,6.2,sim
PVTI_lADOEDZbAM4BTJdjzgoqs3I,Implementar coleta nativa de screen time (UsageStatsManager/ScreenTime API),https://github.com/guardiaofamilia/guardiao-familia-child/issues/25,guardiao-familia-child,25,Onda 5 - Screen Time,E5,O3-KR1,S7,300,2,0.8,24,5,96.0,4.8,nao
PVTI_lADOEDZbAM4BTJdjzgoqs48,Melhorar acessibilidade no Dashboard e Mapa,https://github.com/guardiaofamilia/guardiao-familia-child/issues/26,guardiao-familia-child,26,Onda 10 - Polish/Release,E8,O2-KR3,S12,500,2,0.8,22,5,160.0,4.4,sim
PVTI_lADOEDZbAM4BTJdjzgoqtCE,[P1] Completar Onboarding 4a etapa: configurar geofences iniciais,https://github.com/guardiaofamilia/guardiao-familia-parent/issues/8,guardiao-familia-parent,8,Onda 3 - GPS/Geofences,E3,O1-KR2,S6,420,2,0.8,31,5,134.4,6.2,sim
PVTI_lADOEDZbAM4BTJdjzgoqtCw,API: endpoints de metricas historicas e saude dos servicos para o Dashboard,https://github.com/guardiaofamilia/guardiao-familia-backoffice/issues/1,guardiao-familia-backoffice,1,Onda 9 - Pagamentos/Admin,E8,O2-KR3,S12,200,1,0.5,22,5,20.0,4.4,nao
PVTI_lADOEDZbAM4BTJdjzgoqtD0,[P2] Implementar refresh automatico no Dashboard (60s + WebSocket),https://github.com/guardiaofamilia/guardiao-familia-parent/issues/9,guardiao-familia-parent,9,Onda 2 - Real-time,E8,O2-KR3,S12,420,2,0.8,22,5,134.4,4.4,sim
PVTI_lADOEDZbAM4BTJdjzgoqtEU,"API: criar usuario, acoes em massa e exportar CSV no modulo admin/users",https://github.com/guardiaofamilia/guardiao-familia-backoffice/issues/2,guardiao-familia-backoffice,2,Onda 9 - Pagamentos/Admin,E7,O3-KR3,S10,200,1,0.5,12,5,20.0,2.4,nao
PVTI_lADOEDZbAM4BTJdjzgoqtE8,[P3] Implementar criacao de geofence via long-press no mapa,https://github.com/guardiaofamilia/guardiao-familia-parent/issues/10,guardiao-familia-parent,10,Onda 3 - GPS/Geofences,E3,O1-KR2,S6,420,2,0.8,31,5,134.4,6.2,sim
PVTI_lADOEDZbAM4BTJdjzgoqtFY,API: endpoint de reversao de acao e audit trail por item no modulo de moderacao,https://github.com/guardiaofamilia/guardiao-familia-backoffice/issues/3,guardiao-familia-backoffice,3,Onda 9 - Pagamentos/Admin,E8,O2-KR3,S12,200,1,0.5,22,5,20.0,4.4,nao
PVTI_lADOEDZbAM4BTJdjzgoqtGY,[P3] Implementar edicao de geofences existentes,https://github.com/guardiaofamilia/guardiao-familia-parent/issues/11,guardiao-familia-parent,11,Onda 3 - GPS/Geofences,E3,O1-KR2,S6,420,2,0.8,31,5,134.4,6.2,sim
PVTI_lADOEDZbAM4BTJdjzgoqtHg,"API: historico de transacoes, fluxo de reembolso e exportacao no modulo financeiro",https://github.com/guardiaofamilia/guardiao-familia-backoffice/issues/4,guardiao-familia-backoffice,4,Onda 9 - Pagamentos/Admin,E8,post-release,post-release,200,1,0.5,12,5,20.0,2.4,nao
PVTI_lADOEDZbAM4BTJdjzgoqtIs,"[P4] Implementar controle de screen time completo (limites, bedtime, bloqueio)",https://github.com/guardiaofamilia/guardiao-familia-parent/issues/12,guardiao-familia-parent,12,Onda 5 - Screen Time,E5,O3-KR1,S7,300,2,0.8,24,5,96.0,4.8,nao
PVTI_lADOEDZbAM4BTJdjzgoqtJI,"API: base de conhecimento, monitoramento de conversas, token usage e A/B tests para o modulo AI",https://github.com/guardiaofamilia/guardiao-familia-backoffice/issues/5,guardiao-familia-backoffice,5,Onda 7 - AI/Conteudo,E7,O3-KR3,S10,220,1,0.8,17,5,35.2,3.4,nao
PVTI_lADOEDZbAM4BTJdjzgoqtJ4,[P4] Conectar dados de screen time nos cards de filhos (hoje mostra ---),https://github.com/guardiaofamilia/guardiao-familia-parent/issues/13,guardiao-familia-parent,13,Onda 5 - Screen Time,E1,O2-KR2,S1,300,2,0.8,24,8,60.0,3.0,sim
PVTI_lADOEDZbAM4BTJdjzgoqtKI,"[B6] Implementar modulo SOS Monitoring - mapa live, audio, escalacao",https://github.com/guardiaofamilia/guardiao-familia-backoffice/issues/6,guardiao-familia-backoffice,6,Onda 4 - SOS/Emergencia,E4,O1-KR1,S4,500,3,0.8,39,8,150.0,4.88,sim
PVTI_lADOEDZbAM4BTJdjzgoqtLI,"[P6] Melhorar AI Assistant - Markdown, streaming, typing indicator",https://github.com/guardiaofamilia/guardiao-familia-parent/issues/14,guardiao-familia-parent,14,Onda 7 - AI/Conteudo,E7,O3-KR3,S10,220,1,0.8,17,5,35.2,3.4,nao
PVTI_lADOEDZbAM4BTJdjzgoqtLc,"API: DAU/MAU, retencao e filtro de periodo no modulo de analytics",https://github.com/guardiaofamilia/guardiao-familia-backoffice/issues/7,guardiao-familia-backoffice,7,Onda 9 - Pagamentos/Admin,E8,post-release,post-release,200,1,0.5,12,5,20.0,2.4,nao
PVTI_lADOEDZbAM4BTJdjzgoqtMg,[P7] Implementar tela Perfil da Crianca - resumo semanal + missoes,https://github.com/guardiaofamilia/guardiao-familia-parent/issues/15,guardiao-familia-parent,15,Onda 6 - Gamificacao,E7,O3-KR3,S10,260,1,0.8,18,5,41.6,3.6,nao
PVTI_lADOEDZbAM4BTJdjzgoqtNQ,API: POST e DELETE de feature flags no modulo de settings,https://github.com/guardiaofamilia/guardiao-familia-backoffice/issues/8,guardiao-familia-backoffice,8,Onda 9 - Pagamentos/Admin,E8,post-release,post-release,200,1,0.5,12,5,20.0,2.4,nao
PVTI_lADOEDZbAM4BTJdjzgoqtOU,[P8] Implementar relatorios com insights IA e comparativos,https://github.com/guardiaofamilia/guardiao-familia-parent/issues/16,guardiao-familia-parent,16,Onda 5 - Screen Time,E7,O3-KR3,S10,300,2,0.8,24,5,96.0,4.8,nao
PVTI_lADOEDZbAM4BTJdjzgoqtPA,Implementar Error Boundary global,https://github.com/guardiaofamilia/guardiao-familia-backoffice/issues/9,guardiao-familia-backoffice,9,Onda 0 - Fundacao,E1,O2-KR2,S1,600,3,0.8,34,5,288.0,6.8,sim
PVTI_lADOEDZbAM4BTJdjzgoqtQ0,"[P9] Implementar Comunidade de Pais - posts, filtros, badges",https://github.com/guardiaofamilia/guardiao-familia-parent/issues/17,guardiao-familia-parent,17,Onda 8 - Familia/Comunidade,E2,O3-KR1,S10,180,1,0.5,12,5,18.0,2.4,nao
PVTI_lADOEDZbAM4BTJdjzgoqtRE,Implementar tratamento sessao expirada (401 redirect login),https://github.com/guardiaofamilia/guardiao-familia-backoffice/issues/10,guardiao-familia-backoffice,10,Onda 0 - Fundacao,E1,O2-KR2,S1,600,3,0.8,34,5,288.0,6.8,sim
PVTI_lADOEDZbAM4BTJdjzgoqtSA,"[P10] Implementar Configuracoes completas - plano, LGPD, notificacoes",https://github.com/guardiaofamilia/guardiao-familia-parent/issues/18,guardiao-familia-parent,18,Onda 9 - Pagamentos/Admin,E9,O2-KR1,S8,200,1,0.5,34,8,12.5,4.25,sim
PVTI_lADOEDZbAM4BTJdjzgoqtSI,Implementar 2FA (TOTP) para operacoes sensiveis,https://github.com/guardiaofamilia/guardiao-familia-backoffice/issues/11,guardiao-familia-backoffice,11,Onda 9 - Pagamentos/Admin,E8,post-release,post-release,200,1,0.5,12,5,20.0,2.4,nao
PVTI_lADOEDZbAM4BTJdjzgoqtTI,Implementar fluxo Esqueci minha senha,https://github.com/guardiaofamilia/guardiao-familia-parent/issues/19,guardiao-familia-parent,19,Onda 1 - Auth/Pairing,E2,O3-KR1,S2,300,2,0.8,20,5,96.0,4.0,nao
PVTI_lADOEDZbAM4BTJdjzgoqtTM,API: RBAC granular com roles Admin/Support/Moderator/Analyst e guards por endpoint,https://github.com/guardiaofamilia/guardiao-familia-backoffice/issues/12,guardiao-familia-backoffice,12,Onda 9 - Pagamentos/Admin,E1,O2-KR2,S1,200,1,0.5,12,8,12.5,1.5,sim
PVTI_lADOEDZbAM4BTJdjzgoqtUE,Implementar gestao de membros da familia (convidar/remover),https://github.com/guardiaofamilia/guardiao-familia-parent/issues/20,guardiao-familia-parent,20,Onda 8 - Familia/Comunidade,E7,O3-KR3,S10,180,1,0.5,12,5,18.0,2.4,nao
PVTI_lADOEDZbAM4BTJdjzgoqtUU,Extrair componente Badge compartilhado (duplicado 4x),https://github.com/guardiaofamilia/guardiao-familia-backoffice/issues/13,guardiao-familia-backoffice,13,Onda 0 - Fundacao,E1,O2-KR2,S1,600,3,0.8,34,5,288.0,6.8,sim
PVTI_lADOEDZbAM4BTJdjzgoqtVU,Implementar edicao/exclusao de filhos apos onboarding,https://github.com/guardiaofamilia/guardiao-familia-parent/issues/21,guardiao-familia-parent,21,Onda 8 - Familia/Comunidade,E2,O3-KR1,S10,180,1,0.5,12,5,18.0,2.4,nao
PVTI_lADOEDZbAM4BTJdjzgoqtWE,Instalar Lucide React e substituir emojis por icones profissionais,https://github.com/guardiaofamilia/guardiao-familia-backoffice/issues/14,guardiao-familia-backoffice,14,Onda 0 - Fundacao,E1,O2-KR2,S1,600,3,0.8,34,5,288.0,6.8,sim
PVTI_lADOEDZbAM4BTJdjzgoqtXE,Refatorar ParentHome.tsx (1600 linhas) em sub-componentes,https://github.com/guardiaofamilia/guardiao-familia-parent/issues/22,guardiao-familia-parent,22,Onda 0 - Fundacao,E1,O2-KR2,S1,600,3,0.8,34,5,288.0,6.8,sim
PVTI_lADOEDZbAM4BTJdjzgoqtYA,Implementar skeletons de loading em todas as paginas,https://github.com/guardiaofamilia/guardiao-familia-backoffice/issues/15,guardiao-familia-backoffice,15,Onda 0 - Fundacao,E1,O2-KR2,S1,600,3,0.8,34,5,288.0,6.8,sim
PVTI_lADOEDZbAM4BTJdjzgoqtZY,Adotar Expo Router para navegacao com deep linking,https://github.com/guardiaofamilia/guardiao-familia-parent/issues/23,guardiao-familia-parent,23,Onda 10 - Polish/Release,E1,O2-KR3,S11,500,2,0.8,34,5,160.0,6.8,sim
PVTI_lADOEDZbAM4BTJdjzgoqtaQ,Implementar dark mode (CSS vars ja existem),https://github.com/guardiaofamilia/guardiao-familia-backoffice/issues/16,guardiao-familia-backoffice,16,Onda 10 - Polish/Release,E1,O2-KR3,S11,500,2,0.8,34,5,160.0,6.8,sim
PVTI_lADOEDZbAM4BTJdjzgoqta8,"Criar componentes reutilizaveis (Button, Input, Card, Chip, Avatar)",https://github.com/guardiaofamilia/guardiao-familia-parent/issues/24,guardiao-familia-parent,24,Onda 0 - Fundacao,E7,O3-KR3,S10,600,3,0.8,34,5,288.0,6.8,sim
PVTI_lADOEDZbAM4BTJdjzgoqtbs,Implementar sidebar responsiva para mobile/tablet,https://github.com/guardiaofamilia/guardiao-familia-backoffice/issues/17,guardiao-familia-backoffice,17,Onda 0 - Fundacao,E1,O2-KR2,S1,600,3,0.8,34,5,288.0,6.8,sim
PVTI_lADOEDZbAM4BTJdjzgoqtcQ,Bug: TODAY_LABEL fica stale apos meia-noite,https://github.com/guardiaofamilia/guardiao-familia-parent/issues/25,guardiao-familia-parent,25,Onda 0 - Fundacao,E7,O3-KR3,S10,600,3,0.8,34,5,288.0,6.8,sim
PVTI_lADOEDZbAM4BTJdjzgoqtcs,Adicionar TanStack Query para cache e background refetch,https://github.com/guardiaofamilia/guardiao-familia-backoffice/issues/18,guardiao-familia-backoffice,18,Onda 0 - Fundacao,E1,O2-KR2,S1,600,3,0.8,34,5,288.0,6.8,sim
PVTI_lADOEDZbAM4BTJdjzgoqtdo,Implementar WebSocket para localizacao em tempo real,https://github.com/guardiaofamilia/guardiao-familia-parent/issues/26,guardiao-familia-parent,26,Onda 2 - Real-time,E3,O1-KR2,S6,420,2,0.8,31,5,134.4,6.2,sim
PVTI_lADOEDZbAM4BTJdjzgoqtdw,Implementar notificacoes em tempo real para SOS (WebSocket),https://github.com/guardiaofamilia/guardiao-familia-backoffice/issues/19,guardiao-familia-backoffice,19,Onda 2 - Real-time,E4,O1-KR1,S4,420,3,0.8,39,8,126.0,4.88,sim
PVTI_lADOEDZbAM4BTJdjzgoqte8,Implementar React.memo em componentes de lista (performance),https://github.com/guardiaofamilia/guardiao-familia-parent/issues/27,guardiao-familia-parent,27,Onda 0 - Fundacao,E1,O2-KR2,S1,600,3,0.8,34,5,288.0,6.8,sim
PVTI_lADOEDZbAM4BTJdjzgoqtfs,Configurar Vitest + Testing Library + Playwright,https://github.com/guardiaofamilia/guardiao-familia-backoffice/issues/20,guardiao-familia-backoffice,20,Onda 10 - Polish/Release,E1,O2-KR3,S11,500,2,0.8,34,5,160.0,6.8,sim
PVTI_lADOEDZbAM4BTJdjzgoqthA,Implementar modo offline com cache de dados,https://github.com/guardiaofamilia/guardiao-familia-parent/issues/28,guardiao-familia-parent,28,Onda 10 - Polish/Release,E1,O2-KR3,S11,500,2,0.8,34,5,160.0,6.8,sim
PVTI_lADOEDZbAM4BTJdjzgoqthk,Configurar CI/CD com GitHub Actions + Dockerfile,https://github.com/guardiaofamilia/guardiao-familia-backoffice/issues/21,guardiao-familia-backoffice,21,Onda 10 - Polish/Release,E1,O2-KR2,S1,500,2,0.8,34,8,100.0,4.25,sim
PVTI_lADOEDZbAM4BTJdjzgoqxm4,[API] Implementar WebSocket Gateway (Socket.IO) para eventos em tempo real,https://github.com/guardiaofamilia/guardiao-familia-api/issues/15,guardiao-familia-api,15,Onda 2 - Real-time,E3,O1-KR2,S6,420,2,0.8,31,5,134.4,6.2,sim
PVTI_lADOEDZbAM4BTJdjzgoqxoo,[API] Implementar endpoint de pareamento autonomo para child app (POST /pairing/validate),https://github.com/guardiaofamilia/guardiao-familia-api/issues/16,guardiao-familia-api,16,Onda 1 - Auth/Pairing,E2,O3-KR1,S2,300,2,0.8,20,5,96.0,4.0,nao
PVTI_lADOEDZbAM4BTJdjzgoqxqE,[API] Implementar servico de email (SES/SMTP) para reset de senha e notificacoes,https://github.com/guardiaofamilia/guardiao-familia-api/issues/17,guardiao-familia-api,17,Onda 1 - Auth/Pairing,E2,O3-KR1,S2,300,2,0.8,20,5,96.0,4.0,nao
PVTI_lADOEDZbAM4BTJdjzgoqxsc,[API] Completar fluxo de password reset (POST /auth/reset-password),https://github.com/guardiaofamilia/guardiao-familia-api/issues/18,guardiao-familia-api,18,Onda 1 - Auth/Pairing,E2,O3-KR1,S2,300,2,0.8,20,5,96.0,4.0,nao
PVTI_lADOEDZbAM4BTJdjzgoqxwA,[API] Implementar Redis caching nas queries frequentes,https://github.com/guardiaofamilia/guardiao-familia-api/issues/19,guardiao-familia-api,19,Onda 0 - Fundacao,E1,O2-KR2,S1,600,3,0.8,34,8,180.0,4.25,sim
PVTI_lADOEDZbAM4BTJdjzgoqxxg,[API] Implementar Swagger/OpenAPI para documentacao da API,https://github.com/guardiaofamilia/guardiao-familia-api/issues/20,guardiao-familia-api,20,Onda 0 - Fundacao,E1,O2-KR2,S1,600,3,0.8,34,5,288.0,6.8,sim
PVTI_lADOEDZbAM4BTJdjzgoqxzA,[API] Implementar enforcement de planos de assinatura (feature gating),https://github.com/guardiaofamilia/guardiao-familia-api/issues/21,guardiao-familia-api,21,Onda 9 - Pagamentos/Admin,E8,post-release,post-release,200,1,0.5,12,5,20.0,2.4,nao
PVTI_lADOEDZbAM4BTJdjzgoqx1I,[API] Implementar cron de expiracao de trial e hard delete LGPD,https://github.com/guardiaofamilia/guardiao-familia-api/issues/22,guardiao-familia-api,22,Onda 9 - Pagamentos/Admin,E9,O2-KR1,S8,200,1,0.5,34,8,12.5,4.25,sim
PVTI_lADOEDZbAM4BTJdjzgoqx2o,[API] Implementar modulo de Comunidade de Pais,https://github.com/guardiaofamilia/guardiao-familia-api/issues/23,guardiao-familia-api,23,Onda 8 - Familia/Comunidade,E2,O3-KR1,S10,180,1,0.5,12,5,18.0,2.4,nao
PVTI_lADOEDZbAM4BTJdjzgoqx48,[API] Implementar AI streaming via SSE para respostas do assistente,https://github.com/guardiaofamilia/guardiao-familia-api/issues/24,guardiao-familia-api,24,Onda 7 - AI/Conteudo,E7,O3-KR3,S10,220,1,0.8,17,5,35.2,3.4,nao
PVTI_lADOEDZbAM4BTJdjzgoqx7k,[API] Implementar CRUD de knowledge base para admin (AI e Conteudo),https://github.com/guardiaofamilia/guardiao-familia-api/issues/25,guardiao-familia-api,25,Onda 7 - AI/Conteudo,E7,O3-KR3,S10,220,1,0.8,17,5,35.2,3.4,nao
PVTI_lADOEDZbAM4BTJdjzgoqyBA,[API] Implementar CMS de artigos e videos para admin,https://github.com/guardiaofamilia/guardiao-familia-api/issues/26,guardiao-familia-api,26,Onda 7 - AI/Conteudo,E7,O3-KR3,S10,220,1,0.8,17,5,35.2,3.4,nao
PVTI_lADOEDZbAM4BTJdjzgoqyDA,[API] Implementar endpoint de resumo semanal da crianca,https://github.com/guardiaofamilia/guardiao-familia-api/issues/27,guardiao-familia-api,27,Onda 5 - Screen Time,E7,O3-KR3,S10,300,2,0.8,24,5,96.0,4.8,nao
PVTI_lADOEDZbAM4BTJdjzgoqyF4,[API] Implementar pings tipados e chat audio/emoji familia,https://github.com/guardiaofamilia/guardiao-familia-api/issues/28,guardiao-familia-api,28,Onda 8 - Familia/Comunidade,E7,O3-KR3,S10,180,1,0.5,12,5,18.0,2.4,nao
PVTI_lADOEDZbAM4BTJdjzgoqyHw,[API] Implementar push notifications para dispositivos child,https://github.com/guardiaofamilia/guardiao-familia-api/issues/29,guardiao-familia-api,29,Onda 2 - Real-time,E4,O1-KR3,S3,420,3,0.8,39,5,201.6,7.8,sim
PVTI_lADOEDZbAM4BTJdjzgoqyKA,[API] Implementar heartbeat e deteccao de app removido (anti-desinstalacao),https://github.com/guardiaofamilia/guardiao-familia-api/issues/30,guardiao-familia-api,30,Onda 4 - SOS/Emergencia,E4,O1-KR1,S4,500,3,0.8,39,5,240.0,7.8,sim
PVTI_lADOEDZbAM4BTJdjzgoqyME,[API] Implementar 2FA (TOTP) para operacoes sensiveis de admin,https://github.com/guardiaofamilia/guardiao-familia-api/issues/31,guardiao-familia-api,31,Onda 9 - Pagamentos/Admin,E8,post-release,post-release,200,1,0.5,12,5,20.0,2.4,nao
PVTI_lADOEDZbAM4BTJdjzgoqyOU,[API] Implementar sub-roles RBAC para admin (support/moderator/analyst),https://github.com/guardiaofamilia/guardiao-familia-api/issues/32,guardiao-familia-api,32,Onda 9 - Pagamentos/Admin,E8,post-release,post-release,200,1,0.5,12,5,20.0,2.4,nao
PVTI_lADOEDZbAM4BTJdjzgoqyQA,[API] Implementar admin audit log global e SOS monitoring detalhado,https://github.com/guardiaofamilia/guardiao-familia-api/issues/33,guardiao-familia-api,33,Onda 4 - SOS/Emergencia,E4,O1-KR1,S4,500,3,0.8,39,8,150.0,4.88,sim
PVTI_lADOEDZbAM4BTJdjzgoqyR8,[API] Implementar missoes personalizadas dos pais para criancas,https://github.com/guardiaofamilia/guardiao-familia-api/issues/34,guardiao-familia-api,34,Onda 6 - Gamificacao,E7,O3-KR3,S10,260,1,0.8,18,5,41.6,3.6,nao
PVTI_lADOEDZbAM4BTJdjzgoqyUM,[API] Implementar remocao de membro familiar e gestao de filhos pos-onboarding,https://github.com/guardiaofamilia/guardiao-familia-api/issues/35,guardiao-familia-api,35,Onda 8 - Familia/Comunidade,E7,O3-KR3,S10,180,1,0.5,12,5,18.0,2.4,nao
PVTI_lADOEDZbAM4BTJdjzgoq34g,[QA] Fluxo de Pareamento Child-Parent (E2E) - 10 cenarios,https://github.com/guardiaofamilia/guardiao-familia-api/issues/36,guardiao-familia-api,36,Onda 1 - Auth/Pairing,E2,O3-KR1,S2,300,2,0.8,20,5,96.0,4.0,nao
PVTI_lADOEDZbAM4BTJdjzgoq36g,[QA] Fluxo SOS Completo: Child -> API -> Parent -> Backoffice (E2E) - 14 cenarios,https://github.com/guardiaofamilia/guardiao-familia-api/issues/37,guardiao-familia-api,37,Onda 4 - SOS/Emergencia,E4,O1-KR1,S4,500,3,0.8,39,8,150.0,4.88,sim
PVTI_lADOEDZbAM4BTJdjzgoq38E,[QA] Localizacao GPS e Geofences (E2E) - 15 cenarios,https://github.com/guardiaofamilia/guardiao-familia-api/issues/38,guardiao-familia-api,38,Onda 3 - GPS/Geofences,E3,O1-KR2,S6,420,2,0.8,31,5,134.4,6.2,sim
PVTI_lADOEDZbAM4BTJdjzgoq3-M,"[QA] Screen Time: coleta, limites, extra time, relatorios (E2E) - 15 cenarios",https://github.com/guardiaofamilia/guardiao-familia-api/issues/39,guardiao-familia-api,39,Onda 5 - Screen Time,E5,O3-KR1,S7,300,2,0.8,24,5,96.0,4.8,nao
PVTI_lADOEDZbAM4BTJdjzgoq4AQ,"[QA] Assistente IA: chat, streaming, RAG, knowledge base - 14 cenarios",https://github.com/guardiaofamilia/guardiao-familia-api/issues/40,guardiao-familia-api,40,Onda 7 - AI/Conteudo,E7,O3-KR3,S10,220,1,0.8,17,5,35.2,3.4,nao
PVTI_lADOEDZbAM4BTJdjzgoq4CQ,"[QA] Gamificacao: XP, missoes, conquistas, leaderboard - 14 cenarios",https://github.com/guardiaofamilia/guardiao-familia-api/issues/41,guardiao-familia-api,41,Onda 6 - Gamificacao,E6,O3-KR2,S9,260,1,0.8,18,3,69.33,6.0,nao
PVTI_lADOEDZbAM4BTJdjzgoq4E0,"[QA] Autenticacao, Seguranca, Reset Senha, 2FA, RBAC - 18 cenarios",https://github.com/guardiaofamilia/guardiao-familia-api/issues/42,guardiao-familia-api,42,Onda 1 - Auth/Pairing,E2,O3-KR1,S2,300,2,0.8,20,5,96.0,4.0,nao
PVTI_lADOEDZbAM4BTJdjzgoq4KM,"[QA] Comunidade de Pais: posts, moderacao AI, badges - 16 cenarios",https://github.com/guardiaofamilia/guardiao-familia-api/issues/43,guardiao-familia-api,43,Onda 8 - Familia/Comunidade,E8,O2-KR3,S12,180,1,0.5,22,5,18.0,4.4,nao
PVTI_lADOEDZbAM4BTJdjzgoq4QA,[QA] WebSocket e Tempo Real: eventos cross-app - 14 cenarios,https://github.com/guardiaofamilia/guardiao-familia-api/issues/44,guardiao-familia-api,44,Onda 2 - Real-time,E3,O1-KR2,S6,420,2,0.8,31,5,134.4,6.2,sim
PVTI_lADOEDZbAM4BTJdjzgoq4Ts,"[QA] Pagamentos e Assinaturas: Stripe, Asaas, planos, cupons - 16 cenarios",https://github.com/guardiaofamilia/guardiao-familia-api/issues/45,guardiao-familia-api,45,Onda 9 - Pagamentos/Admin,E8,post-release,post-release,200,1,0.5,12,8,12.5,1.5,nao
PVTI_lADOEDZbAM4BTJdjzgoq4Vg,"[QA] Performance, Cache Redis e Testes de Carga - 15 cenarios",https://github.com/guardiaofamilia/guardiao-familia-api/issues/46,guardiao-familia-api,46,Onda 10 - Polish/Release,E1,O2-KR2,S1,500,2,0.8,34,8,100.0,4.25,sim
PVTI_lADOEDZbAM4BTJdjzgoq4YI,"[QA] Acessibilidade WCAG AA: VoiceOver, TalkBack, contraste - 15 cenarios",https://github.com/guardiaofamilia/guardiao-familia-api/issues/47,guardiao-familia-api,47,Onda 10 - Polish/Release,E1,O2-KR3,S11,500,2,0.8,34,5,160.0,6.8,sim
PVTI_lADOEDZbAM4BTJdjzgoq4aw,"[QA] Modo Offline e Resiliencia: cache, fila, Error Boundary - 14 cenarios",https://github.com/guardiaofamilia/guardiao-familia-api/issues/48,guardiao-familia-api,48,Onda 10 - Polish/Release,E7,O3-KR3,S10,500,2,0.8,34,5,160.0,6.8,sim
PVTI_lADOEDZbAM4BTJdjzgoq4dg,"[QA] Backoffice Admin Completo: 8 modulos, dark mode, responsive - 23 cenarios",https://github.com/guardiaofamilia/guardiao-familia-api/issues/49,guardiao-familia-api,49,Onda 9 - Pagamentos/Admin,E8,O2-KR3,S12,200,1,0.5,22,5,20.0,4.4,nao
PVTI_lADOEDZbAM4BTJdjzgoq4f4,"[QA] Notificacoes Push FCM/APNs: delivery, priority, deep link - 15 cenarios",https://github.com/guardiaofamilia/guardiao-familia-api/issues/50,guardiao-familia-api,50,Onda 2 - Real-time,E4,O1-KR3,S3,420,3,0.8,39,5,201.6,7.8,sim
PVTI_lADOEDZbAM4BTJdjzgoq4ic,"[QA] LGPD e Compliance: consent, export, delete, auditoria - 15 cenarios",https://github.com/guardiaofamilia/guardiao-familia-api/issues/51,guardiao-familia-api,51,Onda 9 - Pagamentos/Admin,E9,O2-KR1,S8,200,1,0.5,34,8,12.5,4.25,sim
PVTI_lADOEDZbAM4BTJdjzgoq4kY,"[QA] Familia e Membros: invite, roles, CRUD filhos - 16 cenarios",https://github.com/guardiaofamilia/guardiao-familia-api/issues/52,guardiao-familia-api,52,Onda 8 - Familia/Comunidade,E7,O3-KR3,S10,180,1,0.5,12,5,18.0,2.4,nao
PVTI_lADOEDZbAM4BTJdjzgoq4mo,[QA] Telas Child App: alinhamento com prototipo C1-C7 - 15 cenarios,https://github.com/guardiaofamilia/guardiao-familia-api/issues/53,guardiao-familia-api,53,Onda 10 - Polish/Release,E1,O2-KR3,S11,500,2,0.8,34,5,160.0,6.8,sim
PVTI_lADOEDZbAM4BTJdjzgoq4oo,[QA] Telas Parent App: alinhamento com prototipo P1-P10 - 17 cenarios,https://github.com/guardiaofamilia/guardiao-familia-api/issues/54,guardiao-familia-api,54,Onda 10 - Polish/Release,E1,O2-KR3,S11,500,2,0.8,34,5,160.0,6.8,sim
PVTI_lADOEDZbAM4BTJdjzgoq4qg,[QA] Compatibilidade Cross-Platform e CI/CD - 17 cenarios,https://github.com/guardiaofamilia/guardiao-familia-api/issues/55,guardiao-familia-api,55,Onda 10 - Polish/Release,E1,O2-KR2,S1,500,2,0.8,34,8,100.0,4.25,sim
PVTI_lADOEDZbAM4BTJdjzgouSxc,"[QA] Pairing #36: validacao manual assistida (cenarios 5,7,9,10)",https://github.com/guardiaofamilia/guardiao-familia-api/issues/63,guardiao-familia-api,63,Onda 10 - Polish/Release,E1,O2-KR3,S11,500,2,0.8,34,5,160.0,6.8,sim
PVTI_lADOEDZbAM4BTJdjzgozWvc,[FRONT V2][FILHO] Epic: App Filho alinhado ao prototipo + Swagger,https://github.com/guardiaofamilia/guardiao-familia-child/issues/29,guardiao-familia-child,29,Onda 1 - Auth/Pairing,E2,O3-KR1,S2,300,2,0.8,20,5,96.0,4.0,nao
PVTI_lADOEDZbAM4BTJdjzgozWwo,[FRONT V2][FILHO][1.1] Tela: Splash Screen,https://github.com/guardiaofamilia/guardiao-familia-child/issues/30,guardiao-familia-child,30,Onda 1 - Auth/Pairing,E2,O3-KR1,S2,300,2,0.8,20,5,96.0,4.0,nao
PVTI_lADOEDZbAM4BTJdjzgozWxc,[FRONT V2][FILHO][1.1] Teste Mock: Splash Screen,https://github.com/guardiaofamilia/guardiao-familia-child/issues/31,guardiao-familia-child,31,Onda 1 - Auth/Pairing,E2,O3-KR1,S2,300,2,0.8,20,5,96.0,4.0,nao
PVTI_lADOEDZbAM4BTJdjzgozWyM,[FRONT V2][FILHO][1.1] Integracao Backend: Splash Screen,https://github.com/guardiaofamilia/guardiao-familia-child/issues/32,guardiao-familia-child,32,Onda 1 - Auth/Pairing,E2,O3-KR1,S2,300,2,0.8,20,5,96.0,4.0,nao
PVTI_lADOEDZbAM4BTJdjzgozWzI,[FRONT V2][FILHO][1.2] Tela: Sem Pareamento / Login,https://github.com/guardiaofamilia/guardiao-familia-child/issues/33,guardiao-familia-child,33,Onda 1 - Auth/Pairing,E2,O3-KR1,S2,300,2,0.8,20,5,96.0,4.0,nao
PVTI_lADOEDZbAM4BTJdjzgozW0k,[FRONT V2][FILHO][1.2] Teste Mock: Sem Pareamento / Login,https://github.com/guardiaofamilia/guardiao-familia-child/issues/34,guardiao-familia-child,34,Onda 1 - Auth/Pairing,E2,O3-KR1,S2,300,2,0.8,20,5,96.0,4.0,nao
PVTI_lADOEDZbAM4BTJdjzgozW14,[FRONT V2][FILHO][1.2] Integracao Backend: Sem Pareamento / Login,https://github.com/guardiaofamilia/guardiao-familia-child/issues/35,guardiao-familia-child,35,Onda 1 - Auth/Pairing,E2,O3-KR1,S2,300,2,0.8,20,5,96.0,4.0,nao
PVTI_lADOEDZbAM4BTJdjzgozW3Q,[FRONT V2][FILHO][1.3] Tela: Home,https://github.com/guardiaofamilia/guardiao-familia-child/issues/36,guardiao-familia-child,36,Onda 1 - Auth/Pairing,E2,O3-KR1,S2,300,2,0.8,20,5,96.0,4.0,nao
PVTI_lADOEDZbAM4BTJdjzgozW4M,[FRONT V2][FILHO][1.3] Teste Mock: Home,https://github.com/guardiaofamilia/guardiao-familia-child/issues/37,guardiao-familia-child,37,Onda 1 - Auth/Pairing,E2,O3-KR1,S2,300,2,0.8,20,5,96.0,4.0,nao
PVTI_lADOEDZbAM4BTJdjzgozW5U,[FRONT V2][FILHO][1.3] Integracao Backend: Home,https://github.com/guardiaofamilia/guardiao-familia-child/issues/38,guardiao-familia-child,38,Onda 1 - Auth/Pairing,E2,O3-KR1,S2,300,2,0.8,20,5,96.0,4.0,nao
PVTI_lADOEDZbAM4BTJdjzgozW6c,[FRONT V2][FILHO][1.4] Tela: Familia,https://github.com/guardiaofamilia/guardiao-familia-child/issues/39,guardiao-familia-child,39,Onda 1 - Auth/Pairing,E7,O3-KR3,S10,300,2,0.8,20,5,96.0,4.0,nao
PVTI_lADOEDZbAM4BTJdjzgozW8A,[FRONT V2][FILHO][1.4] Teste Mock: Familia,https://github.com/guardiaofamilia/guardiao-familia-child/issues/40,guardiao-familia-child,40,Onda 1 - Auth/Pairing,E7,O3-KR3,S10,300,2,0.8,20,5,96.0,4.0,nao
PVTI_lADOEDZbAM4BTJdjzgozW9s,[FRONT V2][FILHO][1.4] Integracao Backend: Familia,https://github.com/guardiaofamilia/guardiao-familia-child/issues/41,guardiao-familia-child,41,Onda 1 - Auth/Pairing,E7,O3-KR3,S10,300,2,0.8,20,5,96.0,4.0,nao
PVTI_lADOEDZbAM4BTJdjzgozXBI,[FRONT V2][FILHO][1.5] Tela: Tempo de Tela,https://github.com/guardiaofamilia/guardiao-familia-child/issues/42,guardiao-familia-child,42,Onda 1 - Auth/Pairing,E5,O3-KR1,S7,300,2,0.8,24,5,96.0,4.8,nao
PVTI_lADOEDZbAM4BTJdjzgozXCs,[FRONT V2][FILHO][1.5] Teste Mock: Tempo de Tela,https://github.com/guardiaofamilia/guardiao-familia-child/issues/43,guardiao-familia-child,43,Onda 1 - Auth/Pairing,E5,O3-KR1,S7,300,2,0.8,24,5,96.0,4.8,nao
PVTI_lADOEDZbAM4BTJdjzgozXEY,[FRONT V2][FILHO][1.5] Integracao Backend: Tempo de Tela,https://github.com/guardiaofamilia/guardiao-familia-child/issues/44,guardiao-familia-child,44,Onda 1 - Auth/Pairing,E5,O3-KR1,S7,300,2,0.8,24,5,96.0,4.8,nao
PVTI_lADOEDZbAM4BTJdjzgozXFY,[FRONT V2][FILHO][1.6] Tela: Conquistas,https://github.com/guardiaofamilia/guardiao-familia-child/issues/45,guardiao-familia-child,45,Onda 1 - Auth/Pairing,E6,O3-KR2,S9,300,2,0.8,20,3,160.0,6.67,nao
PVTI_lADOEDZbAM4BTJdjzgozXGg,[FRONT V2][FILHO][1.6] Teste Mock: Conquistas,https://github.com/guardiaofamilia/guardiao-familia-child/issues/46,guardiao-familia-child,46,Onda 1 - Auth/Pairing,E6,O3-KR2,S9,300,2,0.8,20,3,160.0,6.67,nao
PVTI_lADOEDZbAM4BTJdjzgozXHc,[FRONT V2][FILHO][1.6] Integracao Backend: Conquistas,https://github.com/guardiaofamilia/guardiao-familia-child/issues/47,guardiao-familia-child,47,Onda 1 - Auth/Pairing,E6,O3-KR2,S9,300,2,0.8,20,3,160.0,6.67,nao
PVTI_lADOEDZbAM4BTJdjzgozXJA,[FRONT V2][FILHO][1.7] Tela: Config,https://github.com/guardiaofamilia/guardiao-familia-child/issues/48,guardiao-familia-child,48,Onda 1 - Auth/Pairing,E2,O3-KR1,S2,300,2,0.8,20,5,96.0,4.0,nao
PVTI_lADOEDZbAM4BTJdjzgozXKw,[FRONT V2][FILHO][1.7] Teste Mock: Config,https://github.com/guardiaofamilia/guardiao-familia-child/issues/49,guardiao-familia-child,49,Onda 1 - Auth/Pairing,E2,O3-KR1,S2,300,2,0.8,20,5,96.0,4.0,nao
PVTI_lADOEDZbAM4BTJdjzgozXMc,[FRONT V2][FILHO][1.7] Integracao Backend: Config,https://github.com/guardiaofamilia/guardiao-familia-child/issues/50,guardiao-familia-child,50,Onda 1 - Auth/Pairing,E2,O3-KR1,S2,300,2,0.8,20,5,96.0,4.0,nao
PVTI_lADOEDZbAM4BTJdjzgozXOA,[FRONT V2][FILHO][1.8] Tela: SOS Modal,https://github.com/guardiaofamilia/guardiao-familia-child/issues/51,guardiao-familia-child,51,Onda 1 - Auth/Pairing,E4,O1-KR1,S4,300,3,0.8,39,8,90.0,4.88,sim
PVTI_lADOEDZbAM4BTJdjzgozXPI,[FRONT V2][FILHO][1.8] Teste Mock: SOS Modal,https://github.com/guardiaofamilia/guardiao-familia-child/issues/52,guardiao-familia-child,52,Onda 1 - Auth/Pairing,E4,O1-KR1,S4,300,3,0.8,39,8,90.0,4.88,sim
PVTI_lADOEDZbAM4BTJdjzgozXQE,[FRONT V2][FILHO][1.8] Integracao Backend: SOS Modal,https://github.com/guardiaofamilia/guardiao-familia-child/issues/53,guardiao-familia-child,53,Onda 1 - Auth/Pairing,E4,O1-KR1,S4,300,3,0.8,39,8,90.0,4.88,sim
PVTI_lADOEDZbAM4BTJdjzgozXRg,[FRONT V2][FILHO] E2E: Appium (cenarios minimo/tipico/maximo),https://github.com/guardiaofamilia/guardiao-familia-child/issues/54,guardiao-familia-child,54,Onda 1 - Auth/Pairing,E2,O3-KR1,S2,300,2,0.8,20,5,96.0,4.0,nao
PVTI_lADOEDZbAM4BTJdjzgozXXg,[FRONT V2][PAI][2.1] Tela: Splash Screen,https://github.com/guardiaofamilia/guardiao-familia-parent/issues/31,guardiao-familia-parent,31,Onda 2 - Real-time,E3,O1-KR2,S6,420,2,0.8,31,5,134.4,6.2,sim
PVTI_lADOEDZbAM4BTJdjzgozXYY,[FRONT V2][PAI][2.1] Teste Mock: Splash Screen,https://github.com/guardiaofamilia/guardiao-familia-parent/issues/32,guardiao-familia-parent,32,Onda 2 - Real-time,E3,O1-KR2,S6,420,2,0.8,31,5,134.4,6.2,sim
PVTI_lADOEDZbAM4BTJdjzgozXZM,[FRONT V2][PAI][2.1] Integracao Backend: Splash Screen,https://github.com/guardiaofamilia/guardiao-familia-parent/issues/33,guardiao-familia-parent,33,Onda 2 - Real-time,E3,O1-KR2,S6,420,2,0.8,31,5,134.4,6.2,sim
PVTI_lADOEDZbAM4BTJdjzgozXZ0,[FRONT V2][PAI][2.2] Tela: Login,https://github.com/guardiaofamilia/guardiao-familia-parent/issues/34,guardiao-familia-parent,34,Onda 2 - Real-time,E3,O1-KR2,S6,420,2,0.8,31,5,134.4,6.2,sim
PVTI_lADOEDZbAM4BTJdjzgozXa4,[FRONT V2][PAI][2.2] Teste Mock: Login,https://github.com/guardiaofamilia/guardiao-familia-parent/issues/35,guardiao-familia-parent,35,Onda 2 - Real-time,E3,O1-KR2,S6,420,2,0.8,31,5,134.4,6.2,sim
PVTI_lADOEDZbAM4BTJdjzgozXck,[FRONT V2][PAI][2.2] Integracao Backend: Login,https://github.com/guardiaofamilia/guardiao-familia-parent/issues/36,guardiao-familia-parent,36,Onda 2 - Real-time,E3,O1-KR2,S6,420,2,0.8,31,5,134.4,6.2,sim
PVTI_lADOEDZbAM4BTJdjzgozXdg,[FRONT V2][PAI][2.3] Tela: Cadastro / Onboarding,https://github.com/guardiaofamilia/guardiao-familia-parent/issues/37,guardiao-familia-parent,37,Onda 2 - Real-time,E3,O1-KR2,S6,420,2,0.8,31,5,134.4,6.2,sim
PVTI_lADOEDZbAM4BTJdjzgozXe0,[FRONT V2][PAI][2.3] Teste Mock: Cadastro / Onboarding,https://github.com/guardiaofamilia/guardiao-familia-parent/issues/38,guardiao-familia-parent,38,Onda 2 - Real-time,E3,O1-KR2,S6,420,2,0.8,31,5,134.4,6.2,sim
PVTI_lADOEDZbAM4BTJdjzgozXgE,[FRONT V2][PAI][2.3] Integracao Backend: Cadastro / Onboarding,https://github.com/guardiaofamilia/guardiao-familia-parent/issues/39,guardiao-familia-parent,39,Onda 2 - Real-time,E3,O1-KR2,S6,420,2,0.8,31,5,134.4,6.2,sim
PVTI_lADOEDZbAM4BTJdjzgozXhM,[FRONT V2][PAI][2.4] Tela: Configurar Familia - Wizard,https://github.com/guardiaofamilia/guardiao-familia-parent/issues/40,guardiao-familia-parent,40,Onda 2 - Real-time,E7,O3-KR3,S10,420,2,0.8,31,5,134.4,6.2,sim
PVTI_lADOEDZbAM4BTJdjzgozXi8,[FRONT V2][PAI][2.4] Teste Mock: Configurar Familia - Wizard,https://github.com/guardiaofamilia/guardiao-familia-parent/issues/41,guardiao-familia-parent,41,Onda 2 - Real-time,E7,O3-KR3,S10,420,2,0.8,31,5,134.4,6.2,sim
PVTI_lADOEDZbAM4BTJdjzgozXj0,[FRONT V2][PAI][2.4] Integracao Backend: Configurar Familia - Wizard,https://github.com/guardiaofamilia/guardiao-familia-parent/issues/42,guardiao-familia-parent,42,Onda 2 - Real-time,E7,O3-KR3,S10,420,2,0.8,31,5,134.4,6.2,sim
PVTI_lADOEDZbAM4BTJdjzgozXk0,[FRONT V2][PAI][2.5] Tela: Dashboard,https://github.com/guardiaofamilia/guardiao-familia-parent/issues/43,guardiao-familia-parent,43,Onda 2 - Real-time,E8,O2-KR3,S12,420,2,0.8,22,5,134.4,4.4,sim
PVTI_lADOEDZbAM4BTJdjzgozXl0,[FRONT V2][PAI][2.5] Teste Mock: Dashboard,https://github.com/guardiaofamilia/guardiao-familia-parent/issues/44,guardiao-familia-parent,44,Onda 2 - Real-time,E8,O2-KR3,S12,420,2,0.8,22,5,134.4,4.4,sim
PVTI_lADOEDZbAM4BTJdjzgozXnA,[FRONT V2][PAI][2.5] Integracao Backend: Dashboard,https://github.com/guardiaofamilia/guardiao-familia-parent/issues/45,guardiao-familia-parent,45,Onda 2 - Real-time,E8,O2-KR3,S12,420,2,0.8,22,5,134.4,4.4,sim
PVTI_lADOEDZbAM4BTJdjzgozXoQ,[FRONT V2][PAI][2.6] Tela: Mapa,https://github.com/guardiaofamilia/guardiao-familia-parent/issues/46,guardiao-familia-parent,46,Onda 2 - Real-time,E3,O1-KR2,S6,420,2,0.8,31,5,134.4,6.2,sim
PVTI_lADOEDZbAM4BTJdjzgozXpI,[FRONT V2][PAI][2.6] Teste Mock: Mapa,https://github.com/guardiaofamilia/guardiao-familia-parent/issues/47,guardiao-familia-parent,47,Onda 2 - Real-time,E3,O1-KR2,S6,420,2,0.8,31,5,134.4,6.2,sim
PVTI_lADOEDZbAM4BTJdjzgozXqM,[FRONT V2][PAI][2.6] Integracao Backend: Mapa,https://github.com/guardiaofamilia/guardiao-familia-parent/issues/48,guardiao-familia-parent,48,Onda 2 - Real-time,E3,O1-KR2,S6,420,2,0.8,31,5,134.4,6.2,sim
PVTI_lADOEDZbAM4BTJdjzgozXrw,[FRONT V2][PAI][2.7] Tela: Alertas,https://github.com/guardiaofamilia/guardiao-familia-parent/issues/49,guardiao-familia-parent,49,Onda 2 - Real-time,E4,O1-KR1,S4,420,3,0.8,39,8,126.0,4.88,sim
PVTI_lADOEDZbAM4BTJdjzgozXss,[FRONT V2][PAI][2.7] Teste Mock: Alertas,https://github.com/guardiaofamilia/guardiao-familia-parent/issues/50,guardiao-familia-parent,50,Onda 2 - Real-time,E4,O1-KR1,S4,420,3,0.8,39,8,126.0,4.88,sim
PVTI_lADOEDZbAM4BTJdjzgozXuM,[FRONT V2][PAI][2.7] Integracao Backend: Alertas,https://github.com/guardiaofamilia/guardiao-familia-parent/issues/51,guardiao-familia-parent,51,Onda 2 - Real-time,E4,O1-KR1,S4,420,3,0.8,39,8,126.0,4.88,sim
PVTI_lADOEDZbAM4BTJdjzgozXvI,[FRONT V2][PAI][2.8] Tela: IA Chat,https://github.com/guardiaofamilia/guardiao-familia-parent/issues/52,guardiao-familia-parent,52,Onda 2 - Real-time,E7,O3-KR3,S10,420,2,0.8,31,5,134.4,6.2,sim
PVTI_lADOEDZbAM4BTJdjzgozXws,[FRONT V2][PAI][2.8] Teste Mock: IA Chat,https://github.com/guardiaofamilia/guardiao-familia-parent/issues/53,guardiao-familia-parent,53,Onda 2 - Real-time,E7,O3-KR3,S10,420,2,0.8,31,5,134.4,6.2,sim
PVTI_lADOEDZbAM4BTJdjzgozXx0,[FRONT V2][PAI][2.8] Integracao Backend: IA Chat,https://github.com/guardiaofamilia/guardiao-familia-parent/issues/54,guardiao-familia-parent,54,Onda 2 - Real-time,E7,O3-KR3,S10,420,2,0.8,31,5,134.4,6.2,sim
PVTI_lADOEDZbAM4BTJdjzgozXzQ,[FRONT V2][PAI][2.9] Tela: Config,https://github.com/guardiaofamilia/guardiao-familia-parent/issues/55,guardiao-familia-parent,55,Onda 2 - Real-time,E3,O1-KR2,S6,420,2,0.8,31,5,134.4,6.2,sim
PVTI_lADOEDZbAM4BTJdjzgozX0Y,[FRONT V2][PAI][2.9] Teste Mock: Config,https://github.com/guardiaofamilia/guardiao-familia-parent/issues/56,guardiao-familia-parent,56,Onda 2 - Real-time,E3,O1-KR2,S6,420,2,0.8,31,5,134.4,6.2,sim
PVTI_lADOEDZbAM4BTJdjzgozX10,[FRONT V2][PAI][2.9] Integracao Backend: Config,https://github.com/guardiaofamilia/guardiao-familia-parent/issues/57,guardiao-familia-parent,57,Onda 2 - Real-time,E3,O1-KR2,S6,420,2,0.8,31,5,134.4,6.2,sim
PVTI_lADOEDZbAM4BTJdjzgozX28,[FRONT V2][PAI][2.10] Tela: Perfil do Filho,https://github.com/guardiaofamilia/guardiao-familia-parent/issues/58,guardiao-familia-parent,58,Onda 2 - Real-time,E3,O1-KR2,S6,420,2,0.8,31,5,134.4,6.2,sim
PVTI_lADOEDZbAM4BTJdjzgozX4k,[FRONT V2][PAI][2.10] Teste Mock: Perfil do Filho,https://github.com/guardiaofamilia/guardiao-familia-parent/issues/59,guardiao-familia-parent,59,Onda 2 - Real-time,E3,O1-KR2,S6,420,2,0.8,31,5,134.4,6.2,sim
PVTI_lADOEDZbAM4BTJdjzgozX6A,[FRONT V2][PAI][2.10] Integracao Backend: Perfil do Filho,https://github.com/guardiaofamilia/guardiao-familia-parent/issues/60,guardiao-familia-parent,60,Onda 2 - Real-time,E3,O1-KR2,S6,420,2,0.8,31,5,134.4,6.2,sim
PVTI_lADOEDZbAM4BTJdjzgozX7Q,[FRONT V2][PAI][2.11] Tela: Tempo de Tela do Filho,https://github.com/guardiaofamilia/guardiao-familia-parent/issues/61,guardiao-familia-parent,61,Onda 2 - Real-time,E5,O3-KR1,S7,420,2,0.8,24,5,134.4,4.8,sim
PVTI_lADOEDZbAM4BTJdjzgozX8U,[FRONT V2][PAI][2.11] Teste Mock: Tempo de Tela do Filho,https://github.com/guardiaofamilia/guardiao-familia-parent/issues/62,guardiao-familia-parent,62,Onda 2 - Real-time,E5,O3-KR1,S7,420,2,0.8,24,5,134.4,4.8,sim
PVTI_lADOEDZbAM4BTJdjzgozX9k,[FRONT V2][PAI][2.11] Integracao Backend: Tempo de Tela do Filho,https://github.com/guardiaofamilia/guardiao-familia-parent/issues/63,guardiao-familia-parent,63,Onda 2 - Real-time,E5,O3-KR1,S7,420,2,0.8,24,5,134.4,4.8,sim
PVTI_lADOEDZbAM4BTJdjzgozX-0,[FRONT V2][PAI][2.12] Tela: Relatorios do Filho,https://github.com/guardiaofamilia/guardiao-familia-parent/issues/64,guardiao-familia-parent,64,Onda 2 - Real-time,E7,O3-KR3,S10,420,2,0.8,31,5,134.4,6.2,sim
PVTI_lADOEDZbAM4BTJdjzgozYAE,[FRONT V2][PAI][2.12] Teste Mock: Relatorios do Filho,https://github.com/guardiaofamilia/guardiao-familia-parent/issues/65,guardiao-familia-parent,65,Onda 2 - Real-time,E7,O3-KR3,S10,420,2,0.8,31,5,134.4,6.2,sim
PVTI_lADOEDZbAM4BTJdjzgozYB0,[FRONT V2][PAI][2.12] Integracao Backend: Relatorios do Filho,https://github.com/guardiaofamilia/guardiao-familia-parent/issues/66,guardiao-familia-parent,66,Onda 2 - Real-time,E7,O3-KR3,S10,420,2,0.8,31,5,134.4,6.2,sim
PVTI_lADOEDZbAM4BTJdjzgozYDo,O1/O3: automatizar cenarios E2E criticos do app parent para release,https://github.com/guardiaofamilia/guardiao-familia-parent/issues/67,guardiao-familia-parent,67,Onda 2 - Real-time,E3,O1-KR2,S6,420,2,0.8,31,5,134.4,6.2,sim
PVTI_lADOEDZbAM4BTJdjzgpupW0,[GF-T01] JWT opcional no analytics ingest,https://github.com/guardiaofamilia/guardiao-familia-api/issues/73,guardiao-familia-api,73,Onda 0 - Fundacao,E1,O2-KR2,S1,600,3,0.8,34,5,288.0,6.8,sim
PVTI_lADOEDZbAM4BTJdjzgpupYI,[GF-T02] Campos UTM no analytics,https://github.com/guardiaofamilia/guardiao-familia-api/issues/74,guardiao-familia-api,74,Onda 0 - Fundacao,E1,O2-KR2,S1,600,3,0.8,34,5,288.0,6.8,sim
PVTI_lADOEDZbAM4BTJdjzgpupZc,[GF-T03] Flag onboarding_completed + progress endpoint,https://github.com/guardiaofamilia/guardiao-familia-api/issues/75,guardiao-familia-api,75,Onda 0 - Fundacao,E1,O2-KR2,S1,600,3,0.8,34,5,288.0,6.8,sim
PVTI_lADOEDZbAM4BTJdjzgpupag,[GF-T04] Checklist visual de onboarding,https://github.com/guardiaofamilia/guardiao-familia-parent/issues/69,guardiao-familia-parent,69,Onda 0 - Fundacao,E1,O2-KR2,S1,600,3,0.8,34,5,288.0,6.8,sim
PVTI_lADOEDZbAM4BTJdjzgpupb8,[GF-T05] Dashboard admin atribuicao por canal UTM,https://github.com/guardiaofamilia/guardiao-familia-api/issues/76,guardiao-familia-api,76,Onda 0 - Fundacao,E8,O2-KR3,S12,600,3,0.8,22,5,288.0,4.4,sim
PVTI_lADOEDZbAM4BTJdjzgpupdI,[GF-T06] Referral code por owner + tracking,https://github.com/guardiaofamilia/guardiao-familia-api/issues/77,guardiao-familia-api,77,Onda 1 - Auth/Pairing,E2,O3-KR1,S2,300,2,0.8,20,5,96.0,4.0,nao
PVTI_lADOEDZbAM4BTJdjzgpupeg,[GF-T07] Recompensa de referral (trial extension),https://github.com/guardiaofamilia/guardiao-familia-api/issues/78,guardiao-familia-api,78,Onda 1 - Auth/Pairing,E7,O3-KR3,S10,300,2,0.8,20,5,96.0,4.0,nao
PVTI_lADOEDZbAM4BTJdjzgpupgI,[GF-T08] Share link API + Universal Links,https://github.com/guardiaofamilia/guardiao-familia-api/issues/79,guardiao-familia-api,79,Onda 1 - Auth/Pairing,E2,O3-KR1,S2,300,2,0.8,20,5,96.0,4.0,nao
PVTI_lADOEDZbAM4BTJdjzgpuphQ,[GF-T09] Tela Convide sua Familia,https://github.com/guardiaofamilia/guardiao-familia-parent/issues/70,guardiao-familia-parent,70,Onda 1 - Auth/Pairing,E7,O3-KR3,S10,300,2,0.8,20,5,96.0,4.0,nao
PVTI_lADOEDZbAM4BTJdjzgpupiA,[GF-T10] Badges Fundador e Embaixador,https://github.com/guardiaofamilia/guardiao-familia-api/issues/80,guardiao-familia-api,80,Onda 1 - Auth/Pairing,E2,O3-KR1,S2,300,2,0.8,20,5,96.0,4.0,nao
PVTI_lADOEDZbAM4BTJdjzgpupkE,[GF-T11] Engine de drip campaigns (lifecycle scheduler),https://github.com/guardiaofamilia/guardiao-familia-api/issues/81,guardiao-familia-api,81,Onda 2 - Real-time,E3,O1-KR2,S6,420,2,0.8,31,5,134.4,6.2,sim
PVTI_lADOEDZbAM4BTJdjzgpuplQ,[GF-T12] Sequencia de ativacao D0-D7,https://github.com/guardiaofamilia/guardiao-familia-api/issues/82,guardiao-familia-api,82,Onda 2 - Real-time,E7,O3-KR3,S10,420,2,0.8,31,5,134.4,6.2,sim
PVTI_lADOEDZbAM4BTJdjzgpupmA,[GF-T13] Campanha de win-back para dormentes,https://github.com/guardiaofamilia/guardiao-familia-api/issues/83,guardiao-familia-api,83,Onda 2 - Real-time,E3,O1-KR2,S6,420,2,0.8,31,5,134.4,6.2,sim
PVTI_lADOEDZbAM4BTJdjzgpupnE,[GF-T14] Templates de email para drip campaigns,https://github.com/guardiaofamilia/guardiao-familia-api/issues/84,guardiao-familia-api,84,Onda 2 - Real-time,E3,O1-KR2,S6,420,2,0.8,31,5,134.4,6.2,sim
PVTI_lADOEDZbAM4BTJdjzgpupnw,[GF-T15] Push de referral reminder semanal,https://github.com/guardiaofamilia/guardiao-familia-api/issues/85,guardiao-familia-api,85,Onda 2 - Real-time,E4,O1-KR3,S3,420,3,0.8,39,5,201.6,7.8,sim
PVTI_lADOEDZbAM4BTJdjzgpupoU,[GF-T16] Feature flags dinamicos no client config,https://github.com/guardiaofamilia/guardiao-familia-api/issues/86,guardiao-familia-api,86,Onda 10 - Polish/Release,E1,O2-KR3,S11,500,2,0.8,34,5,160.0,6.8,sim
PVTI_lADOEDZbAM4BTJdjzgpuppI,[GF-T17] Consumir feature flags dinamicos no app,https://github.com/guardiaofamilia/guardiao-familia-parent/issues/71,guardiao-familia-parent,71,Onda 10 - Polish/Release,E1,O2-KR3,S11,500,2,0.8,34,5,160.0,6.8,sim
PVTI_lADOEDZbAM4BTJdjzgpupqI,[GF-T18] Play Store listing otimizado (ASO),https://github.com/guardiaofamilia/guardiao-familia-parent/issues/72,guardiao-familia-parent,72,Onda 10 - Polish/Release,E1,O2-KR3,S11,500,2,0.8,34,8,100.0,4.25,sim
PVTI_lADOEDZbAM4BTJdjzgpuprQ,[GF-T19] Prompt de review in-app,https://github.com/guardiaofamilia/guardiao-familia-parent/issues/73,guardiao-familia-parent,73,Onda 10 - Polish/Release,E1,O2-KR3,S11,500,2,0.8,34,5,160.0,6.8,sim
PVTI_lADOEDZbAM4BTJdjzgpupsc,[GF-T20] Location ping batching (API),https://github.com/guardiaofamilia/guardiao-familia-api/issues/87,guardiao-familia-api,87,Onda 0 - Fundacao,E1,O2-KR2,S1,600,3,0.8,34,5,288.0,6.8,sim
PVTI_lADOEDZbAM4BTJdjzgpupt0,[GF-T21] Particionamento de device_locations,https://github.com/guardiaofamilia/guardiao-familia-api/issues/88,guardiao-familia-api,88,Onda 0 - Fundacao,E1,O2-KR2,S1,600,3,0.8,34,5,288.0,6.8,sim
PVTI_lADOEDZbAM4BTJdjzgpupvc,[GF-T22] Externalizar strings hardcoded para i18n,https://github.com/guardiaofamilia/guardiao-familia-api/issues/89,guardiao-familia-api,89,Onda 0 - Fundacao,E1,O2-KR2,S1,600,3,0.8,34,5,288.0,6.8,sim
PVTI_lADOEDZbAM4BTJdjzgpupxI,[GF-T23] Bundle de ingles (en/) para expansao,https://github.com/guardiaofamilia/guardiao-familia-api/issues/90,guardiao-familia-api,90,Onda 0 - Fundacao,E1,O2-KR2,S1,600,3,0.8,34,5,288.0,6.8,sim
PVTI_lADOEDZbAM4BTJdjzgpupy4,[GF-T24] Batching de pings no child app,https://github.com/guardiaofamilia/guardiao-familia-child/issues/57,guardiao-familia-child,57,Onda 0 - Fundacao,E1,O2-KR2,S1,600,3,0.8,34,5,288.0,6.8,sim
PVTI_lADOEDZbAM4BTJdjzgpup04,[GF-T25] Teste E2E fluxo completo de referral,https://github.com/guardiaofamilia/guardiao-familia-api/issues/91,guardiao-familia-api,91,Onda 10 - Polish/Release,E1,O2-KR3,S11,500,2,0.8,34,5,160.0,6.8,sim
PVTI_lADOEDZbAM4BTJdjzgpup2Q,[GF-T26] Teste E2E onboarding + lifecycle campaigns,https://github.com/guardiaofamilia/guardiao-familia-api/issues/92,guardiao-familia-api,92,Onda 10 - Polish/Release,E1,O2-KR3,S11,500,2,0.8,34,5,160.0,6.8,sim
PVTI_lADOEDZbAM4BTJdjzgpup4E,[GF-T27] Dashboard admin de referrals,https://github.com/guardiaofamilia/guardiao-familia-api/issues/93,guardiao-familia-api,93,Onda 10 - Polish/Release,E8,O2-KR3,S12,500,2,0.8,22,5,160.0,4.4,sim
PVTI_lADOEDZbAM4BTJdjzgpup5o,[GF-T28] Dashboard de lifecycle campaigns,https://github.com/guardiaofamilia/guardiao-familia-api/issues/94,guardiao-familia-api,94,Onda 10 - Polish/Release,E8,O2-KR3,S12,500,2,0.8,22,5,160.0,4.4,sim
PVTI_lADOEDZbAM4BTJdjzgpup6s,[GF-T29] Deploy gradual com feature flags,https://github.com/guardiaofamilia/guardiao-familia-api/issues/95,guardiao-familia-api,95,Onda 10 - Polish/Release,E1,O2-KR3,S11,500,2,0.8,34,5,160.0,6.8,sim
PVTI_lADOEDZbAM4BTJdjzgpup70,O2-KR3: preparar e submeter builds publicaveis na App Store e Google Play,https://github.com/guardiaofamilia/guardiao-familia-api/issues/96,guardiao-familia-api,96,Onda 10 - Polish/Release,E1,O2-KR3,S11,500,2,0.8,34,8,100.0,4.25,sim
PVTI_lADOEDZbAM4BTJdjzgxagbE,chore(deps): Bump actions/checkout from 4 to 7,https://github.com/guardiaofamilia/guardiao-familia-site/pull/66,guardiao-familia-site,66,Onda 0 - Fundacao,E1,O2-KR2,S1,600,3,0.8,8,1,1440.0,8.0,sim
